{
  "category": "hazelnut",
  "image_size": 64,
  "architecture": "CompactAE",
  "base_channels": 32,
  "latent_channels": 32,
  "n_down": 3,
  "scoring": {
    "mode": "mean",
    "border": 8,
    "blur_kernel": 5
  },
  "auroc": 0.8871428571428572,
  "n_params": 361283,
  "macs_M": 63.866368,
  "fp32_kb": 1411.26171875,
  "int8_kb_est": 352.8154296875,
  "epochs": 200,
  "final_train_loss": 0.06281580372403066
}